,city,latitude,longitude,temperature,max temperature,wind speed,cloudiness,humidity
0,Albany,42.6001,-73.9662,285.88,287.67,1.69,0,89
1,Mataura,-46.1927,168.8643,282.3,282.3,0.74,22,87
2,Chokurdakh,70.6333,147.9167,287.52,287.52,4.46,26,30
3,Khatanga,71.9667,102.5,299.4,299.4,6.42,100,39
4,Ambanja,-13.6833,48.45,293.11,293.11,0.99,3,78
5,Onega,63.9061,38.1404,288.22,288.22,7.53,100,95
7,Nome,64.5011,-165.4064,290.19,290.19,5.14,90,78
8,Te Anau,-45.4167,167.7167,279.78,279.78,1.21,69,81
9,Shenjiamen,29.9576,122.298,300.53,300.53,6.59,100,89
10,Saldanha,-33.0117,17.9442,280.18,280.18,0.97,0,64
12,Torbay,47.6666,-52.7314,286.94,287.46,9.26,90,96
13,Tasiilaq,65.6145,-37.6368,281.24,281.24,0.72,99,81
14,Luena,-11.7833,19.9167,282.91,282.91,1.38,2,59
15,Ternate,0.8,127.4,301.87,301.87,4.59,26,73
16,Sovetskiy,61.3614,63.5842,294.52,294.52,2.03,45,56
17,Busselton,-33.65,115.3333,287.06,287.09,2.68,99,71
18,Jalu,29.0331,21.5482,302.03,302.03,2.92,0,28
19,Ponta do Sol,32.6667,-17.1,294.56,295.38,2.83,38,73
20,George Town,5.4112,100.3354,304.96,305.12,2.24,40,59
21,Thinadhoo,0.5333,72.9333,301.19,301.19,3.2,98,72
22,Rikitea,-23.1203,-134.9692,294.1,294.1,8.6,68,55
23,Saskylakh,71.9167,114.0833,296.82,296.82,4.19,35,33
24,Bathsheba,13.2167,-59.5167,299.49,299.49,4.63,20,83
25,Vao,-22.6667,167.4833,292.8,292.8,4.03,1,69
26,Ushuaia,-54.8,-68.3,275.96,275.96,11.32,75,87
27,Bredasdorp,-34.5322,20.0403,283.77,283.77,3.09,4,93
29,Plyussa,58.4308,29.3654,287.38,287.38,4.58,82,89
30,Bluff,-46.6,168.3333,282.48,282.48,2.48,32,64
31,Nanortalik,60.1432,-45.2371,279.53,279.53,2.46,100,98
32,Voyvozh,62.892,54.9635,291.86,291.86,1.97,87,77
33,Chongwe,-15.3292,28.682,285.79,285.79,3.07,0,53
34,Arraial do Cabo,-22.9661,-42.0278,291.07,291.07,4.63,0,88
35,Galesong,-5.3166,119.3661,305.16,305.16,2.52,8,62
37,Ngunguru,-35.6167,174.5,286.57,286.57,10.12,28,73
38,Bambous Virieux,-20.3428,57.7575,289.29,296.6,2.57,20,88
39,Togur,58.3631,82.8265,289.72,289.72,0.93,100,74
40,Cape Town,-33.9258,18.4232,280.38,287.66,1.54,0,100
41,Qaanaaq,77.484,-69.3632,279.27,279.27,2.16,91,72
42,Hobart,-42.8794,147.3294,285.5,286.05,3.09,75,66
43,Iqaluit,63.7506,-68.5145,279.65,280,2.24,90,100
45,Vila,42.0304,-8.1588,281.87,285,1.86,91,91
46,Nouadhibou,20.931,-17.0347,293.14,293.14,3.09,0,88
47,Genhe,50.7833,121.5167,299.33,299.33,2.13,82,39
48,Tuktoyaktuk,69.4541,-133.0374,280.15,280.15,6.69,90,93
49,Mount Gambier,-37.8333,140.7667,284.1,284.1,8.23,75,71
50,Geraldton,-28.7667,114.6,290.38,290.44,6.17,0,63
51,Jamestown,42.097,-79.2353,285.55,288.55,0.45,1,92
52,Beringovskiy,63.05,179.3167,281.22,281.22,6.37,100,94
53,Cherskiy,68.75,161.3,281.37,281.37,9.81,96,57
54,Hilo,19.7297,-155.09,295.67,296.62,3.38,46,90
55,Severo-Kuril'sk,50.6789,156.125,285.74,285.74,4.96,69,75
56,Ürümqi,43.801,87.6005,300.68,300.68,3,0,18
57,Vaini,-21.2,-175.2,296.24,296.24,5.14,40,73
59,Butaritari,3.0707,172.7902,300.52,300.52,1.96,40,75
60,Esmeraldas,-19.7625,-44.3139,287.63,288.32,1.74,58,62
61,Dikson,73.5069,80.5464,284.07,284.07,3.81,100,80
62,Cockburn Town,21.4612,-71.1419,300.83,300.83,8.7,85,77
63,Changji,44.0167,87.3167,302.59,302.59,3,0,18
64,New Norfolk,-42.7826,147.0587,285.13,285.86,0.28,99,64
65,Narsaq,60.9167,-46.05,281.27,281.27,1.23,100,96
66,Hermanus,-34.4187,19.2345,287.54,287.54,1.72,0,67
67,Punta Arenas,-53.15,-70.9167,276.21,276.21,11.32,0,81
68,Emba,48.8264,58.1442,306.52,306.52,2.17,35,21
69,Qaqortoq,60.7167,-46.0333,281.43,281.43,1.38,100,96
70,Saint-François,46.4154,3.9054,287.81,288.25,1.54,90,93
71,Port Alfred,-33.5906,26.891,285.47,285.47,4.46,0,81
72,Labuhan,-6.8844,112.2051,304.2,304.2,3.38,14,58
73,Nikolskoye,59.7035,30.7861,289.13,289.27,5.16,85,92
76,Lorengau,-2.0226,147.2712,302.66,302.66,4.4,41,70
77,Turangi,-39,175.9333,278.99,278.99,1.67,96,97
79,Atuona,-9.8,-139.0333,298.54,298.54,8.38,9,73
80,Ilulissat,69.2167,-51.1,279.16,279.16,0.51,75,87
81,Changqing,36.5575,116.7272,304.38,304.38,1.45,13,53
82,Bengkulu,-3.8004,102.2655,301.97,301.97,3.25,60,68
83,Henties Bay,-22.116,14.2845,288.07,288.07,3.04,0,80
84,Souillac,-20.5167,57.5167,289.36,296.68,2.57,20,88
85,Vila Velha,-20.3297,-40.2925,287.12,287.12,1.03,0,100
86,Bayjī,34.9311,43.487,309.37,309.37,5.95,48,23
87,Qui Nhon,13.7667,109.2333,306.26,306.26,9.03,100,53
88,Praia da Vitória,38.7333,-27.0667,295.29,295.79,1.72,75,94
89,Kitaibaraki,36.7833,140.75,304.46,308.09,5.97,96,72
90,Jambi City,-1.6,103.6167,305.46,305.46,1.76,82,54
91,Saint-Philippe,-21.3585,55.7679,293.47,293.92,0.6,0,62
92,Saint-Augustin,51.226,-58.6502,286.84,286.84,4.37,100,95
93,Caravelas,-17.7125,-39.2481,291.82,291.82,1.67,22,82
94,Mercedes,-34.6515,-59.4307,279.91,281.4,3.58,0,80
95,Saint Anthony,45.0205,-93.218,292.24,294.72,2.06,1,67
96,Soe,-9.8607,124.284,302.63,302.63,4.88,62,28
97,Christchurch,-43.5333,172.6333,281.73,282.04,4.02,90,70
98,Camocim,-2.9022,-40.8411,296.1,296.1,0.71,11,83
99,Yangambi,0.8102,24.4336,294.55,294.55,0.93,98,89
101,Kaeo,-35.1,173.7833,286.66,286.66,7.9,42,78
102,Puerto Ayora,-0.7393,-90.3518,294.64,294.64,4.18,67,90
104,Mar del Plata,-38.0023,-57.5575,281.78,282.09,1.34,2,51
105,Kholm,59.2667,32.85,287.68,287.68,5.62,94,90
106,Olinda,-8.0089,-34.8553,295,295,1.54,90,100
107,East London,-33.0153,27.9116,285.67,285.67,3.09,0,87
108,Kayes,14,-11,296,296,1.66,60,92
109,Tieling,42.2931,123.8414,302.55,302.55,1.67,28,64
110,Trelew,-43.249,-65.3051,284.68,284.68,4.28,72,61
111,Celestún,20.8667,-90.4,298.92,298.92,3.79,71,86
112,San Cristobal,7.7669,-72.225,290.56,290.56,1.97,91,98
113,Provideniya,64.3833,-173.3,284.21,284.21,6,90,87
114,Bărăști,44.6167,24.6833,296.07,296.07,1.58,2,68
115,Amazar,53.858,120.875,297.59,297.59,2.45,75,65
116,Klaksvík,62.2266,-6.589,282.66,282.66,5.47,100,90
117,Villa del Rosario,7.8339,-72.4742,294.47,294.47,2.58,48,82
118,Seoul,37.5683,126.9778,303.43,304.57,2.06,75,66
119,Alofi,-19.0595,-169.9187,296.09,296.09,3.6,18,78
120,Castro,-24.7911,-50.0119,280.73,280.73,1.06,0,92
121,San Fernando del Valle de Catamarca,-28.4696,-65.7852,288.02,288.02,0.45,1,41
122,Pisco,-13.7,-76.2167,290.18,290.18,2.06,90,82
123,Upernavik,72.7868,-56.1549,280.77,280.77,5.77,97,75
124,Abay,49.6311,72.8539,300.36,300.36,4.53,4,32
125,Sur,22.5667,59.5289,306.73,306.73,2.34,44,49
128,Sergeevka,53.88,67.4158,298.79,298.79,4.61,59,40
130,Fare,-16.7,-151.0167,299.32,299.32,5.5,40,74
131,Necochea,-38.5473,-58.7368,280.95,280.95,5.53,7,72
132,Faya,18.3851,42.4509,292.44,292.44,2.46,93,65
134,Arlit,18.7369,7.3853,304.25,304.25,0.37,93,40
135,Shelburne,44.0787,-80.2041,285.19,288.46,3.19,6,66
137,Yoichi,43.2039,140.7703,305.17,306.82,1.14,81,68
138,Ahipara,-35.1667,173.1667,285.99,285.99,9.47,31,80
139,Iracoubo,5.4802,-53.2011,298.4,298.4,2.31,98,80
140,Carnarvon,-24.8667,113.6333,294.19,294.19,5.66,0,28
141,Bontang,0.1333,117.5,304.28,304.28,4.63,89,62
142,Kletskaya,49.3145,43.0584,305,305,1.45,22,28
144,Cristalina,-16.7686,-47.6136,286.62,286.62,1.31,13,57
145,Byron Bay,-28.65,153.6167,295.15,297.62,5.14,92,58
146,Yellowknife,62.456,-114.3525,296.11,297.44,3.09,75,50
147,Coquimbo,-29.9533,-71.3436,286,286,1.03,90,87
148,Dingle,10.9995,122.6711,304.59,304.59,7.99,100,64
149,Saint Paul Harbor,57.79,-152.4072,285.88,285.88,4.63,90,76
150,Kholodnyy,62.7167,147.95,287.56,287.56,3.9,29,37
151,Kalach-na-Donu,48.691,43.5264,303.1,305.77,2.08,9,24
152,Inhambane,-23.865,35.3833,291.14,291.14,4.55,20,94
153,Mount Isa,-20.7333,139.5,294.02,294.02,7.72,90,19
154,Rocha,-34.4833,-54.3333,279.8,279.8,0.92,0,91
155,Barrow,71.2906,-156.7887,280.16,280.16,6.69,90,93
156,Meulaboh,4.1363,96.1285,302.8,302.8,3.01,64,64
157,Chicama,-7.8447,-79.1469,290.9,290.9,3.38,12,87
158,Alberton,46.8168,-64.0654,290.1,290.1,5.87,87,87
160,Hanzhong,33.0728,107.0303,305.57,305.57,1.11,34,57
161,Chepareria,1.3077,35.2039,290.33,290.33,0.73,81,81
162,Kerrobert,51.9168,-109.1348,297.18,300.26,3.03,100,33
163,Hithadhoo,-0.6,73.0833,301.19,301.19,4.59,91,72
164,Departamento de Maldonado,-34.6667,-54.9167,279.81,279.81,1.4,0,92
165,Half Moon Bay,37.4636,-122.4286,289.39,294.33,3.6,1,79
166,Grand-Lahou,5.1367,-5.0242,296.05,296.05,3.27,57,92
167,Katsuura,35.1333,140.3,306.21,306.21,5.11,43,77
168,Port Hedland,-20.3167,118.5667,298.18,298.18,6.69,21,14
169,Alyangula,-13.8483,136.4192,301.08,301.08,4.12,40,78
170,Thompson,55.7435,-97.8558,288.24,288.24,0,20,72
171,Kutum,14.2,24.6667,295.41,295.41,5.37,21,73
172,Fortuna,40.5982,-124.1573,285.84,286.44,0.45,90,73
173,Karratha,-20.7377,116.8463,297.01,297.01,7.67,7,19
174,Kamariótissa,40.4833,25.4667,297.16,300.18,2.66,0,67
175,Port Elizabeth,-33.918,25.5701,282.31,282.31,3.6,90,100
176,Longyearbyen,78.2186,15.6401,280.06,280.06,8.23,40,70
177,Kapaa,22.0752,-159.319,298.59,303.14,2.24,40,78
178,Roseburg,43.2165,-123.3417,300.21,301.42,2.57,1,36
179,Kaitangata,-46.2817,169.8464,283.11,283.11,3.54,19,60
180,Comodoro Rivadavia,-45.8667,-67.5,283.07,283.07,6.69,0,32
181,Atambua,-9.1061,124.8925,303.37,303.37,1.04,35,42
182,Port Macquarie,-31.4333,152.9167,293.65,294.13,3.26,77,48
183,Coyhaique,-45.5752,-72.0662,274.12,274.12,0.51,0,86
184,Mehamn,71.0357,27.8492,284.12,284.25,1.03,0,71
185,Houma,29.5958,-90.7195,298.82,300.15,0,1,93
186,Lompoc,34.6391,-120.4579,288.47,292.65,3.09,75,86
187,Deputatsky,69.3,139.9,287.7,287.7,6.44,52,33
188,Pontes e Lacerda,-15.2261,-59.3353,291.17,291.17,1.43,50,56
189,Nikki,9.9401,3.2108,295.13,295.13,1.79,100,91
190,Riberalta,-10.9833,-66.1,292.15,292.15,1.58,1,45
191,Flinders,-34.5833,150.8552,290.57,292.15,6.49,4,49
192,Malakal,9.5334,31.6605,295.41,295.41,1.75,100,92
193,Evensk,61.95,159.2333,286.11,286.11,6.87,65,47
195,Broken Hill,-31.95,141.4333,284.99,284.99,9.26,75,58
196,Lagoa,39.05,-27.9833,294.96,294.96,3.15,62,93
197,Ukiah,39.1502,-123.2078,292.01,298.09,2.57,1,41
198,Wanning,18.8003,110.3967,305.43,305.43,1.23,100,63
200,Kropotkin,45.4375,40.5756,300.81,300.81,3.17,0,51
201,Oktyabr'skoye,43.0645,44.7417,295.01,295.23,1,37,73
202,Tuatapere,-46.1333,167.6833,282.49,282.49,1.17,32,75
203,Ostrovnoy,68.0531,39.5131,283.96,283.96,2.17,95,95
204,Tautira,-17.7333,-149.15,299.16,299.16,4.33,58,72
205,May Pen,17.9645,-77.2451,300.47,301.71,1.34,85,89
206,Chunhuhub,19.55,-88.6833,296.53,296.53,1.21,12,95
207,Avarua,-21.2078,-159.775,298.18,298.18,3.09,75,73
208,Chui,-33.6971,-53.4616,281.85,281.85,1.62,0,95
209,Arman',59.7,150.1667,289.21,289.21,1.73,18,44
210,Ribeira Grande,38.5167,-28.7,295.72,295.72,2.94,45,93
212,Hong Kong,22.2855,114.1577,301.91,303.18,0.45,99,92
215,Norman Wells,65.282,-126.8329,300.17,300.17,2.06,20,36
216,Grand-Santi,4.25,-54.3833,295.19,295.19,0.78,63,99
217,Canutama,-6.5339,-64.3831,298.86,298.86,1.27,99,42
218,Codrington,-38.2667,141.9667,283.14,283.14,10.76,79,71
219,Papenburg,53.0667,7.4,283.49,285.15,1.98,64,97
221,Tomatlán,19.9333,-105.25,297.81,297.81,0.82,77,94
222,Kruisfontein,-34.0033,24.7314,282.9,282.9,4.42,0,82
224,Rundu,-17.9333,19.7667,282.69,282.69,2.46,0,49
225,Sioux Lookout,50.1001,-91.917,294.19,294.19,2.57,90,60
226,Birjand,32.8663,59.2211,298.41,298.41,2.06,0,12
227,Yar-Sale,66.8333,70.8333,292.14,292.14,1.69,93,62
228,Talnakh,69.4865,88.3972,300.63,300.63,3.31,99,34
229,Biak,-0.9131,122.8766,301.81,301.81,3.52,28,66
230,Jiuquan,39.7432,98.5174,301.1,301.1,5.03,7,13
231,Haines Junction,60.7522,-137.5108,287.12,287.12,2.57,87,88
232,Freeport,40.6576,-73.5832,293.84,296.14,0.45,1,61
233,Hamilton,39.1834,-84.5333,290.25,292.47,0,1,84
234,St. George's,12.0564,-61.7485,299.97,299.97,2.57,20,83
235,Shibetsu,43.659,145.132,299.54,299.54,2.57,75,78
236,Bereda,43.2686,-7.5406,284.94,285.14,0.56,94,100
237,Bethel,41.3712,-73.414,288.77,292.4,0,1,83
238,Nhulunbuy,-12.2333,136.7667,302.49,302.49,5.66,40,58
240,Narasannapeta,18.4167,84.05,305.9,305.9,3.12,87,53
241,Maningrida,-12.0667,134.2667,303.53,303.53,5.67,75,49
242,Los Llanos de Aridane,28.6585,-17.9182,290.44,293.01,3.6,0,91
243,Ambilobe,-13.2,49.05,296.28,296.28,1.22,0,67
244,Vuktyl,63.8567,57.3094,291.7,291.7,2.52,37,75
245,Tromsø,69.6496,18.957,282.49,282.8,0.89,75,76
246,Safi,32.2994,-9.2372,292.23,292.23,4.55,2,93
247,Marau,-28.4492,-52.2,278.57,278.57,1.75,0,97
248,Baruun-Urt,46.6806,113.2792,301.56,301.56,3.89,92,26
249,Saint-Pierre,-21.3393,55.4781,293.78,293.97,3.6,75,58
250,Ust-Nera,64.5667,143.2,291.59,291.59,1.43,0,31
252,Luorong,24.4058,109.6086,309.76,309.76,3.57,64,44
253,Dhidhdhoo,6.8833,73.1,300.98,300.98,3.56,92,74
254,Nuuk,64.1835,-51.7216,282.49,282.49,2.57,90,87
255,Kuruman,-27.4524,23.4325,281.07,281.07,4.08,0,25
256,Ilhabela,-23.7781,-45.3581,288.93,288.93,2.45,10,89
257,Ughelli,5.4899,6.0074,296.17,296.17,0.7,88,97
258,High Level,58.5169,-117.136,298.21,298.21,2.06,40,69
259,Honiara,-9.4333,159.95,299.96,299.96,2.37,70,82
260,Shimoda,34.6667,138.95,304.32,305.35,3.67,69,74
261,Araouane,18.9048,-3.5265,306.72,306.72,3.5,35,37
262,Forsytheganj,52.6333,29.7333,289.65,289.65,3.41,20,75
263,Jacareacanga,-6.2222,-57.7528,297.27,297.27,1.18,65,64
265,Giohar,2.7809,45.5005,297.51,297.51,6.54,99,78
266,Tambilil,5.9622,124.6697,303.82,303.82,2.94,86,63
267,Port Blair,11.6667,92.75,303.17,303.17,6.17,75,84
268,Pāveh,35.0434,46.3565,292.26,292.26,2.18,23,30
269,Kavieng,-2.5744,150.7967,301.59,301.59,3.17,37,75
270,Pierre,44.3683,-100.351,296.92,296.96,1.79,1,54
271,Tombouctou,20,-3,306.04,306.04,3.7,79,36
272,Port Lincoln,-34.7333,135.8667,286.14,286.14,8.62,73,67
273,Samarai,-10.6167,150.6667,299.83,299.83,6.13,69,76
274,Pevek,69.7008,170.3133,274.59,274.59,8.18,100,88
275,Hambantota,6.1241,81.1185,304.34,304.34,7.2,20,66
276,Legionowo,52.4015,20.9266,288.47,290.03,3.6,0,79
277,Gevrai,19.2667,75.75,301.99,301.99,8.99,100,57
278,Gijang,35.2442,129.2139,307,307,5.52,100,67
279,Makakilo City,21.3469,-158.0858,300.28,301.33,6.17,1,53
280,Zhigansk,66.7697,123.3711,297.7,297.7,2.25,5,33
281,Sindor,62.8629,51.8905,291.26,291.26,2.21,100,81
282,Richards Bay,-28.783,32.0377,289.84,289.84,3.72,75,86
283,Moniquirá,5.8764,-73.5728,286.48,286.48,2.27,94,90
284,Rafrāf,37.1904,10.1837,297.33,297.33,4.46,36,87
285,Bathurst,-33.4166,149.5806,280.84,280.84,6.48,91,73
286,Pelym,61.0108,61.9978,295.1,295.1,2.08,0,55
287,Esperance,-33.8667,121.9,289.06,289.06,7.19,79,65
288,Bella Vista,36.4295,-94.2316,293.69,295.53,1.34,1,83
289,Mozarlândia,-14.7447,-50.5706,295.3,295.3,2.59,40,38
290,Alcañiz,41.05,-0.1333,290.91,290.97,1.61,11,71
291,Severnyy,50.677,36.5532,295.17,295.17,4,0,78
292,Umluj,25.0213,37.2685,305.93,305.93,1.74,2,42
293,Zalţan,32.947,11.8665,302.41,302.41,3.36,0,32
294,Jvari,42.7169,42.052,297.29,297.29,0.46,5,59
295,Phetchabun,16.25,101.0833,302.3,302.3,2.23,94,84
296,Koygorodok,60.445,50.9968,296.38,296.38,3.77,95,56
297,Puerto del Rosario,28.5004,-13.8627,295.01,295.01,4.63,39,73
298,Kumul,42.8,93.45,304.53,304.53,2,19,14
299,Nara,34.6851,135.8049,303.2,303.8,1.9,100,78
300,Mhlume,-26.0333,31.85,285.62,286.41,0.71,91,88
301,Neiafu,-18.65,-173.9833,298.53,298.53,3.6,20,57
302,Hasaki,35.7333,140.8333,305.37,305.37,6.59,60,78
303,Zhalantun,48,122.7167,288.91,288.91,4.31,100,95
304,Mahébourg,-20.4081,57.7,289.31,296.62,2.57,20,88
305,San Jose,37.3394,-121.895,291.34,294.46,4.63,40,70
306,Kon Tum,14.35,108,299.79,299.79,4.24,100,77
308,Garoowe,8.4054,48.4845,299.87,299.87,13.69,28,49
309,Kavaratti,10.5669,72.642,300.98,300.98,7.17,79,75
310,Yumen,40.2833,97.2,299.96,299.96,2.67,37,13
311,Koumac,-20.5667,164.2833,294.69,294.69,2.73,0,57
312,Bariloche,-41.1456,-71.3082,276.01,276.01,2.06,0,93
313,Phan Thiet,10.9333,108.1,305.77,305.77,8.17,91,55
314,Vestmannaeyjar,63.4427,-20.2734,284.78,284.78,3.16,99,83
315,Brockville,44.5834,-75.6826,289.47,290.51,3.65,41,86
316,Uribia,11.7139,-72.266,301.09,301.09,4.61,100,70
317,Mongo,12.1844,18.693,296.7,296.7,4.99,100,87
318,Riyadh,24.6877,46.7219,306.23,306.23,1.56,30,9
319,Mayo,38.8876,-76.5119,291.16,293.8,1.71,55,90
320,Murree,33.9073,73.393,293.29,293.29,1.32,5,61
321,Buraidah,26.326,43.975,301.4,301.4,4.35,3,11
322,Marolambo,-20.05,48.1167,290.78,290.78,0.92,0,67
323,Porto-Novo,6.4965,2.6036,296.96,296.96,1.99,100,93
324,Kayerkan,69.3497,87.7602,297.07,297.07,4.2,98,41
326,Faanui,-16.4833,-151.75,298.97,298.97,4.82,39,78
327,Isla Mujeres,21.2311,-86.731,301.02,301.18,4.65,46,80
328,Khorramshahr,30.4397,48.1664,308.13,308.13,3.09,0,14
329,Weiser,44.251,-116.9693,303.34,304.26,1,10,33
330,Marsh Harbour,26.5412,-77.0636,301.5,301.5,6.56,100,74
331,Leningradskiy,69.3833,178.4167,273.59,273.59,3.42,100,99
332,Nāgaur,27.2,73.7333,302.47,302.47,6.71,100,68
333,Luanda,-8.8368,13.2343,293.65,293.65,2.2,3,89
335,Kokopo,-4.352,152.2633,302.21,302.21,3.72,27,69
336,Canindé,-4.3589,-39.3117,293.58,293.58,1.43,13,68
337,Uulu,58.2789,24.5774,289.23,289.23,7.56,10,81
338,Bani Walid,31.7566,13.9942,297.6,297.6,0.8,0,52
340,Varhaug,58.6147,5.6457,282.76,285.08,7.14,44,69
341,Marzuq,14.4,46.4667,301.62,301.62,1.5,24,49
342,Yinzhu,35.8786,119.9753,304.16,304.16,2.99,5,68
343,Rovaniemi,66.5,25.7167,284.82,284.82,3.09,0,66
344,Raja,8.4596,25.678,293.58,293.58,2.05,81,92
345,Eureka,40.8021,-124.1637,285.5,286.59,0.45,39,70
348,Baringo,0.4667,35.9667,294.62,294.62,2.25,98,61
349,Río Cuarto,-33.1307,-64.3499,276.95,277.5,4.19,0,42
350,Orán,-23.1322,-64.326,285.56,285.56,1.33,81,53
351,Acarí,-15.4311,-74.6158,292.41,292.41,1.34,32,69
352,Temecula,33.4936,-117.1484,295.24,304.03,0,1,49
354,Salalah,17.0151,54.0924,298.2,298.2,4.12,90,100
356,Yarmouth,41.7057,-70.2286,290.33,292.58,0.89,1,86
357,Sanguéya,10.7,-14.3667,295.21,295.21,1.5,47,96
358,Cap-aux-Meules,47.3821,-61.8597,288.16,288.16,5.66,96,94
359,Fredericton,45.9454,-66.6656,283.67,285.73,1.54,1,98
360,Arona,28.0996,-16.681,290.24,291.49,2.06,20,77
361,Kudahuvadhoo,2.6708,72.8944,301,301,0.63,97,69
362,Hudson Bay,52.85,-102.3842,294.56,294.56,0.96,94,48
363,Lebu,-37.6167,-73.65,283.63,283.63,7.32,49,93
364,Rawson,-43.3002,-65.1023,284.48,284.48,4.15,71,63
365,Makar'yev,57.8797,43.8069,295.54,295.54,4.56,58,72
366,Bilma,18.6853,12.9164,304.11,304.11,5.32,1,36
367,Laguna,38.421,-121.4238,297.79,302.43,2.57,1,44
368,Hualmay,-11.0964,-77.6139,290.19,290.19,4.84,21,85
369,Ampanihy,-24.7,44.75,291.76,291.76,3.3,50,63
372,Scarborough,54.2797,-0.4044,283.66,286.22,0.45,27,86
373,Tiksi,71.6872,128.8694,282.44,282.44,3.64,85,62
374,Chengde,40.9725,117.9361,299.64,299.64,1.15,57,69
375,Lata,40.1629,-8.3327,288.4,288.6,0.65,91,94
376,Zhezkazgan,47.8043,67.7144,304.54,304.54,5.39,2,26
377,Camopi,3.1655,-52.3158,294.3,294.3,0.64,56,99
378,Mocuba,-16.8392,36.9856,288.11,288.11,1.17,0,83
379,Olafsvik,64.8945,-23.7142,284.58,284.58,2.13,100,79
380,Berlevåg,70.8578,29.0864,284.15,284.15,1.69,71,78
381,Opuwo,-18.0607,13.84,285.65,285.65,1.31,0,51
382,Belen,36.4891,36.2233,296.23,296.23,1.54,0,78
383,Elban,50.1018,136.5094,298.36,298.36,5.68,17,57
384,San Patricio,28.017,-97.5169,301.37,303.07,2.39,96,76
385,General Roca,-39.0333,-67.5833,278.37,278.37,2.33,27,30
386,Merke,42.8728,73.1786,305.18,305.18,3.34,99,15
387,Sehithwa,-20.4667,22.7167,284.23,284.23,2.94,3,30
388,Sept-Îles,50.2001,-66.3821,285.4,285.44,2.57,1,91
389,Tierralta,8.1736,-76.0592,296.92,296.92,0.5,100,96
390,Preston,53.7667,-2.7167,281.65,284.18,1.24,3,36
391,Bad Kissingen,50.2,10.0833,285.64,286.25,0.53,67,97
392,Kirakira,-10.4544,161.9205,300.06,300.06,4.07,100,71
393,Quepos,9.4236,-84.1652,300.23,300.67,1.14,100,92
394,Anadyr,64.75,177.4833,282.04,282.43,7.6,90,93
395,Macará,-4.3833,-79.95,292.69,292.69,1.01,22,72
396,Bemidji,47.4736,-94.8803,291.07,293.51,1.54,1,73
397,Kiryat Gat,31.61,34.7642,305.04,305.04,0.63,0,42
398,Patrocínio,-18.9439,-46.9925,289.33,289.33,0.89,7,64
399,Ancud,-41.8697,-73.8203,280.89,280.89,2.53,100,95
400,Belo Jardim,-8.3356,-36.4242,291.72,291.72,3.78,100,90
401,Menongue,-14.6585,17.691,282.39,282.39,2.2,0,57
402,Hofn,64.2539,-15.2082,284.81,284.81,3.4,100,84
403,Umba,66.6871,34.3429,286.22,286.22,4.73,100,95
404,Westport,41.1415,-73.3579,290.71,295.23,1.79,20,84
405,Kuytun,54.3419,101.5036,296.39,296.39,3.09,100,43
406,Orange,33.7,-117.7675,296.51,305.71,2.57,1,64
407,Tancheng,27.4375,115.4976,307.59,307.59,4.28,99,50
408,Māngrol,21.1167,70.1167,301.92,301.92,8.75,100,79
409,Polunochnoye,60.8697,60.4153,294.47,294.47,1.72,0,57
411,Naviraí,-23.065,-54.1906,284.51,284.51,2.26,0,59
412,Chapais,49.7834,-74.8492,288.03,288.03,6.1,100,96
413,Airai,-8.9266,125.4092,298.63,298.63,2.3,36,32
415,Paamiut,61.994,-49.6678,280.74,280.74,3.56,100,91
416,Avera,33.194,-82.5271,296.35,297.89,3.61,100,78
417,Nizwá,22.9333,57.5333,306.83,306.83,1.54,35,34
418,Berbera,10.4396,45.0143,305.41,305.41,12.33,21,41
419,Octeville,49.6261,-1.6435,286.43,288.11,3.09,40,94
420,Tikrit,34.6071,43.6782,309.65,309.65,5.04,13,21
421,Nānākuli,21.3906,-158.1547,301.03,302.12,6.17,1,52
422,Rudnichnyy,59.617,52.4703,295.67,295.67,2.81,97,61
423,Adela,12.4416,120.9729,301.96,301.96,7,100,81
424,Dongsheng,39.8161,109.9776,289.5,289.5,4.06,100,72
425,Visby,57.6409,18.296,287.97,289.18,3.09,40,67
426,Yangi Marg`ilon,40.4272,71.7189,302.55,302.79,2.06,34,32
427,Teya,60.3778,92.6267,296.86,296.86,1.37,43,45
428,Buala,-8.145,159.5921,300.35,300.35,2.03,84,79
429,Trairi,-3.2778,-39.2689,295.76,295.76,2.75,31,91
430,Touho,-20.7833,165.2333,294.04,294.04,3.78,0,67
431,Esso,55.9333,158.7,285.43,285.43,4.45,87,58
432,Kuril'sk,45.2333,147.8833,288.86,288.86,3.2,99,85
433,Bud,39.447,-86.1758,289.4,292.03,2.8,18,84
434,Lakes Entrance,-37.8811,147.981,287.69,287.69,5.1,82,57
435,Bridlington,54.0831,-0.1919,284.48,286.42,2.59,59,70
436,Hihyā,30.6713,31.588,301.23,301.64,1.69,0,46
437,North Bend,43.4065,-124.2243,287.92,288.1,3.09,90,82
438,Itarema,-2.9248,-39.9167,296.22,296.22,1.12,46,85
439,Vanimo,-2.6741,141.3028,302.81,302.81,3.63,62,74
441,Kalmunai,7.4167,81.8167,305.16,305.16,0.6,96,47
442,Ginda,30.6945,78.4932,297.59,297.59,1.8,50,75
443,Naze,28.3667,129.4833,302.66,302.66,7.6,54,77
444,Dauriya,49.9333,116.8667,299.94,299.94,4.87,48,42
445,Constitución,-35.3333,-72.4167,284.16,284.16,2.13,0,70
446,Aklavik,68.2191,-135.0107,283.61,284.55,5.54,100,86
447,Beremend,45.7911,18.4326,290.85,292.73,1.88,90,47
448,Cabo San Lucas,22.8909,-109.9124,303.11,304.71,4.02,8,70
449,Minudasht,37.2289,55.3747,301.91,301.91,2.06,0,61
451,Bhadrāchalam,17.6667,80.8833,303.44,303.44,5.12,97,63
452,Novorzhev,57.0294,29.3338,287.4,287.4,4.74,99,86
453,Mwinilunga,-11.7358,24.4293,284.5,284.5,1.86,6,61
454,Marrakesh,31.6315,-8.0083,292.19,292.19,1.54,0,77
455,Afyonkarahisar,38.75,30.6667,294.88,294.88,1.55,0,27
456,Talara,-4.5772,-81.2719,291.66,291.66,5.68,23,85
457,Zemio,5.0314,25.1361,292.9,292.9,0.82,80,97
458,Guerrero Negro,27.9769,-114.0611,296.15,296.15,4.04,77,77
459,Kumluca,36.3703,30.2869,307.01,307.01,3.31,0,28
460,Adrar,20.5022,-10.0711,304.35,304.35,5.64,58,42
461,Sørland,67.667,12.6934,281.19,281.19,5.71,100,76
463,Plérin,48.5425,-2.7798,285.21,286.33,0.45,0,90
464,Broome,42.2506,-75.833,284.17,286.84,0.5,0,84
465,Bac Lieu,9.285,105.7244,305.37,305.37,8.24,94,56
466,Linxia Chengguanzhen,35.6003,103.2064,288.16,288.16,2.14,100,90
467,Marabu,4.4148,114.0089,304.23,304.23,2.57,20,62
468,Zhangaözen,43.3,52.8,307.27,307.27,2.31,15,12
470,Palora,-1.7,-77.9333,289.97,289.97,1.27,100,90
471,Miandrivazo,-19.5167,45.4667,295.01,295.01,0.95,34,63
472,Kenai,60.5544,-151.2583,287.09,291.5,5.66,40,87
473,Shingū,33.7333,135.9833,301.99,301.99,2.18,89,83
474,Francisco Beltrão,-26.0811,-53.055,280.04,280.04,1.75,0,84
475,Tura,25.5198,90.2201,299.93,299.93,1.97,100,90
476,Nabire,-3.3667,135.4833,303.71,303.71,2.44,58,63
477,Pangnirtung,66.1451,-65.7125,279.95,279.95,0.91,100,89
478,Zyryanka,65.75,150.85,287.73,287.73,4.11,56,41
480,Poltavka,54.3663,71.7632,296.45,296.45,4.94,100,46
481,Wanaka,-44.7,169.15,277.79,277.79,1.98,42,79
482,Dawson Creek,55.7666,-120.2362,293.95,294.79,1.54,1,88
483,Azul,-36.777,-59.8585,278.57,278.57,2.93,0,78
484,Nizhniy Baskunchak,48.2198,46.8311,306.51,306.51,2.84,39,18
485,Sibut,5.718,19.0739,293.17,293.17,0.63,93,97
486,Alice Springs,-23.7,133.8833,288.9,288.9,5.14,0,31
487,Bhīm Tāl,29.35,79.5667,296.57,296.57,1.97,73,77
488,Avigliano,40.7329,15.72,291.14,291.14,2.33,25,30
490,Juradó,7.1053,-77.7641,298.52,298.52,0.65,100,87
492,Lere,10.387,8.5726,292.59,292.59,0.95,100,94
493,Venice,27.0998,-82.4543,301.03,303.21,3.6,40,81
494,Doha,25.2867,51.5333,311.5,313.14,1.54,17,40
495,Khorinsk,52.1657,109.7726,292.68,292.68,2.24,100,72
496,Florø,61.5996,5.0328,282.24,284.24,0,90,81
497,Jiazi,22.8779,116.067,301.97,301.97,3.66,97,79
498,Belyy Yar,53.6039,91.3903,298.09,298.09,2,0,53
499,San Quintín,30.4833,-115.95,295.16,295.16,2.85,4,74
500,Batticaloa,7.7102,81.6924,304.81,304.81,1.61,99,47
501,Dunedin,-45.8742,170.5036,281.37,281.37,8.05,53,64
502,Nizhnyaya Tavda,57.6731,66.1725,295.95,295.95,2.79,13,60
503,Dustlik,40.5247,68.0358,308.97,308.97,3.48,0,19
505,Yerbogachën,61.2767,108.0108,298.77,298.77,2.62,92,39
507,Saint-Joseph,-21.3667,55.6167,293.07,293.36,1.14,0,61
509,Darnah,32.767,22.6367,302.37,302.37,7.46,0,60
510,Lavrentiya,65.5833,-171,280.55,280.55,3.81,100,99
511,Tabas,33.5959,56.9244,307.27,307.27,2.06,0,10
512,Amahai,-3.3333,128.9167,301.25,301.25,3.58,62,77
513,Khani,41.9563,42.9566,294.91,294.91,1.03,1,48
514,Tiznit Province,29.5833,-9.5,290.85,290.85,0.2,3,79
516,Marathon,44.9,-89.7668,288.1,290.01,2.06,40,92
517,Pizarro,4.9533,-77.366,298.03,298.03,0.98,100,89
519,Pacific Grove,36.6177,-121.9166,288.56,293.01,0.89,90,86
520,Zaragoza,41.6561,-0.8773,291.02,292.6,1.79,0,64
521,Vardø,70.3705,31.1107,283.26,283.26,4.01,100,79
522,Gouré,13.9835,10.2704,296.49,296.49,4.56,77,74
523,Abadan,38.0507,58.2056,306,306,7.2,27,19
524,Hokitika,-42.7167,170.9667,283.4,283.4,2.3,85,62
525,Manadhoo,5.7667,73.3833,301.15,301.15,3.01,97,72
526,Alanya,36.5438,31.9998,306.2,306.2,1.62,0,23
529,Abhā,18.2164,42.5053,292.29,292.29,2.06,0,64
530,Kita,13.0349,-9.4895,295.14,295.14,1.48,38,96
531,Morón,-34.6534,-58.6198,282.32,285.01,1.34,0,95
532,Salinópolis,-0.6136,-47.3561,298.57,298.57,2.41,59,79
533,Archidona,37.0965,-4.3887,290.35,292.26,1.7,6,92
534,São João da Barra,-21.6403,-41.0511,292.51,292.51,3.55,3,80
535,Aksarka,66.5606,67.7975,291.49,291.49,2.42,41,62
536,Erzincan Province,39.75,39.5,293.76,293.76,1.03,0,60
537,Leshukonskoye,64.8989,45.7622,292.31,292.31,3.92,95,69
538,Abalak,58.1286,68.5944,293.83,293.83,2.93,92,59
539,Vysokogornyy,50.1167,139.15,296.01,296.01,2.02,89,61
540,Ayan,56.45,138.1667,284.74,284.74,4.23,100,93
541,Touros,-5.1989,-35.4608,295.65,295.65,6.45,15,88
542,Grindavik,63.8424,-22.4338,284.34,284.41,2.57,75,93
543,Carballo,43.213,-8.691,285.94,287.54,0.95,74,93
544,Palmer,42.1584,-72.3287,287.67,289.83,0,1,84
545,Betafo,-19.8333,46.85,287.81,287.81,1.56,4,53
548,Tiarei,-17.5333,-149.3333,299.16,299.16,3.89,72,73
549,Bambanglipuro,-7.95,110.2833,299.14,299.14,6.43,92,82
550,Port Moresby,-9.4431,147.1797,301.83,301.83,5.14,40,70
551,Montrose,38.4166,-108.2673,285.84,287.91,1.47,86,64
552,Katobu,-4.9408,122.5276,303.37,303.37,1.35,50,59
553,Verkhneyarkeyevo,55.4505,54.3145,302.82,302.82,3.02,29,31
554,Sémbé,1.6481,14.5806,294.39,294.39,0.81,100,97
555,Bilibino,68.0546,166.4372,275.36,275.36,4.85,100,76
556,Malandag,6.3094,125.2428,303.02,303.02,4.98,86,67
558,Taunsa,30.7048,70.6505,312.31,312.31,1.91,6,31
559,Laas,46.6166,10.7002,285.36,286.64,1.39,75,91
560,Asmara,15.3333,38.9333,289.71,289.71,2.92,99,69
561,Vestmanna,62.1564,-7.1664,281.66,281.66,5.66,90,100
562,Cayenne,4.9333,-52.3333,298.76,298.76,0,81,88
563,Hervey Bay,-25.2986,152.8535,299.28,299.28,8.76,1,77
564,Kotapārh,19.15,82.35,300.98,300.98,6.66,95,65
565,Madang,-5.2246,145.7966,302.62,302.62,3.49,92,66
566,Semey,50.4111,80.2275,300.27,300.27,5,40,39
567,Superior,46.7208,-92.1041,290.45,293.09,2.06,1,83
568,Quelimane,-17.8786,36.8883,285.12,285.12,0,20,76
569,Vangaindrano,-23.35,47.6,292.44,292.44,3.42,7,82
570,Sitka,57.0531,-135.33,289.09,289.09,3.09,90,77
571,Cidreira,-30.1811,-50.2056,282.8,282.8,2.89,1,90
572,Pauini,-7.7136,-66.9764,293.47,293.47,1.27,2,51
573,Viedma,-40.8135,-62.9967,284.6,284.6,2.91,33,43
574,Fukuechō,32.6881,128.8419,304.35,304.35,4.63,75,66
575,Mahibadhoo,3.7833,72.9667,300.97,300.97,1.88,99,73
576,Puerto Escondido,15.85,-97.0667,299.03,299.03,2.55,99,85
577,Goderich,43.7501,-81.7165,288.26,288.33,1.54,58,88
578,Vitim,59.4511,112.5578,291.69,291.69,2.18,97,72
580,Skjervøy,70.0311,20.9714,282.15,282.15,2.3,56,75
581,Longyan,25.1072,117.0225,304.8,304.8,0.79,99,68
582,Kuah,6.3265,99.8432,305.14,305.15,3.6,20,74
583,Andenes,69.3143,16.1194,281.14,281.14,4.63,75,93
584,Anjozorobe,-18.4,47.8667,285.33,285.33,1.27,21,68
585,Sechura,-5.5569,-80.8222,291.25,291.25,3.94,8,84
586,San Lorenzo,-25.3333,-57.5333,282.92,282.92,2.24,0,81
587,Chinchani,19.8667,72.7,301.44,301.44,7.64,100,80
588,Bagdarin,54.4333,113.6,293.47,293.47,0.63,71,61
589,Rapid Valley,44.0625,-103.1463,295.73,297.84,0.45,1,44
590,Mahon,39.8885,4.2658,295.46,295.46,5.14,0,73
591,Makkah al Mukarramah,21.4267,39.8261,306.97,306.97,5.84,82,40
592,Businga,3.3333,20.8833,293.59,293.59,0.57,68,91
593,Concepción del Uruguay,-32.4825,-58.2372,280.3,280.92,3.06,0,88
594,Havelock,34.8791,-76.9013,296.45,299.12,0.45,58,94
595,Sarana,56.4773,57.7259,297.88,297.88,3.15,97,50
596,Luancheng,37.8792,114.6517,303.24,303.24,2.66,96,59
597,Al Bardīyah,31.7561,25.0865,300.23,300.23,6.86,0,79
598,Baharly,38.4362,57.4316,307.49,307.49,4.92,48,17
599,Saint-Louis,16.3333,-15,299.21,299.21,5.68,100,81
600,Sendafa,9.15,39.0333,286.06,286.06,2.51,87,89
601,Porto Belo,-27.1578,-48.5531,287.95,289.35,1.19,17,89
602,Oranjemund,-28.55,16.4333,287.11,287.11,1.94,0,65
603,Darhan,49.4867,105.9228,289.71,289.71,6.27,100,82
604,Xining,36.6167,101.7667,287.13,287.13,2.08,100,86
605,Caniço,32.6333,-16.85,294.59,295.38,0.45,40,85
606,Mawlaik,23.6333,94.4167,300.81,300.81,0.44,99,89
607,Mazagão,-0.115,-51.2894,299.18,299.18,0.82,64,87
608,Pozo Colorado,-23.4923,-58.7972,284.77,284.77,2.55,30,60
609,Guapí,2.5708,-77.8854,296.5,296.5,1.56,99,96
611,Sola,-13.8833,167.55,297.39,297.39,5.77,58,57
612,Troitsko-Pechorsk,62.7084,56.1964,293.04,293.04,1.92,48,70
613,Ponferrada,42.5466,-6.5962,285.06,286.54,0.45,79,97
614,Catabola,-12.15,17.2833,283.66,283.66,0.49,0,38
615,Soyo,-6.1349,12.3689,294.54,294.54,2.54,78,90
616,Marsaxlokk,35.8419,14.5431,299.49,302.64,1.54,20,69
617,Hobyo,5.3505,48.5268,299.2,299.2,9.71,84,70
618,Maragogi,-9.0122,-35.2225,295.84,295.84,3.88,66,88
619,Cabedelo,-6.9811,-34.8339,295.52,295.52,4.54,32,87
620,Murray Bridge,-35.1167,139.2667,286.16,287.97,8.36,73,67
621,Yong’an,39.6957,113.6871,297.13,297.13,4.02,98,68
622,Osmaniye,37.0742,36.2478,299.55,299.55,1.27,0,56
623,Port Hardy,50.6996,-127.4199,288.25,288.25,2.57,20,77
624,Mandalgovi,45.7625,106.2708,287.45,287.45,8.3,100,69
625,Policoro,40.2115,16.6726,296.07,301.25,3.49,66,65
626,Cape Coast,5.1053,-1.2466,296.95,296.95,3.2,96,90
627,Ylivieska,64.0833,24.55,285.04,287.21,4.66,100,75
628,Natchitoches,31.7668,-93.1335,297.07,297.24,0,90,100
629,Kozhva,65.1073,57.0459,293.08,293.08,2.72,5,64
630,Kalāleh,37.3807,55.4916,301.93,301.93,2.06,0,61
631,Yulara,-25.2406,130.9889,290.06,290.06,4.63,0,34
632,Glossa,35.4717,23.7763,305.42,305.42,2.03,0,31
